stage,dataset_id,dataset,outer_run_id,source_uri,remote_prefix,row_count,complete_rows,failed_rows,training_runtime_seconds,peak_ram_mib,peak_vram_mib,first_updated_at,last_updated_at,evidence_archive,evidence_path
stage2,D1,dataset1,splat_dataset1_sfm_1024_sift_global_res1024_patch200_stage2,s3://3dreefs-ben-eu-north1/experiments/ablations/stage2_resolution_fullres_eval/runs/splat_dataset1_sfm_1024_sift_global_res1024_patch200_stage2/ablation_eval/results_splat.csv,s3://3dreefs-ben-eu-north1/experiments/ablations/stage2_resolution_fullres_eval/runs/splat_dataset1_sfm_1024_sift_global_res1024_patch200_stage2/,30,30,0,12843.814,8928,14477,2026-07-12T04:32:38.473445+00:00,2026-07-12T10:37:29.100728+00:00,stage-2-metadata-20260724.tar.zst,runs/splat_dataset1_sfm_1024_sift_global_res1024_patch200_stage2/
stage2,D1,dataset1,splat_dataset1_sfm_1024_sift_global_res1024_patch400_stage2,s3://3dreefs-ben-eu-north1/experiments/ablations/stage2_resolution_fullres_eval/runs/splat_dataset1_sfm_1024_sift_global_res1024_patch400_stage2/ablation_eval/results_splat.csv,s3://3dreefs-ben-eu-north1/experiments/ablations/stage2_resolution_fullres_eval/runs/splat_dataset1_sfm_1024_sift_global_res1024_patch400_stage2/,30,30,0,14343.604,9835,12043,2026-07-12T05:00:22.497851+00:00,2026-07-12T13:03:42.450506+00:00,stage-2-metadata-20260724.tar.zst,runs/splat_dataset1_sfm_1024_sift_global_res1024_patch400_stage2/
stage2,D1,dataset1,splat_dataset1_sfm_1024_sift_global_res1024_patch800_stage2,s3://3dreefs-ben-eu-north1/experiments/ablations/stage2_resolution_fullres_eval/runs/splat_dataset1_sfm_1024_sift_global_res1024_patch800_stage2/ablation_eval/results_splat.csv,s3://3dreefs-ben-eu-north1/experiments/ablations/stage2_resolution_fullres_eval/runs/splat_dataset1_sfm_1024_sift_global_res1024_patch800_stage2/,30,30,0,19602.925,10833,14557,2026-07-12T05:43:48.679058+00:00,2026-07-12T18:52:41.641476+00:00,stage-2-metadata-20260724.tar.zst,runs/splat_dataset1_sfm_1024_sift_global_res1024_patch800_stage2/
stage2,D1,dataset1,splat_dataset1_sfm_1024_sift_global_res2048_patch200_stage2,s3://3dreefs-ben-eu-north1/experiments/ablations/stage2_resolution_fullres_eval/runs/splat_dataset1_sfm_1024_sift_global_res2048_patch200_stage2/ablation_eval/results_splat.csv,s3://3dreefs-ben-eu-north1/experiments/ablations/stage2_resolution_fullres_eval/runs/splat_dataset1_sfm_1024_sift_global_res2048_patch200_stage2/,30,30,0,24291.114,9552,14363,2026-07-12T05:40:26.626733+00:00,2026-07-12T14:45:01.797839+00:00,stage-2-metadata-20260724.tar.zst,runs/splat_dataset1_sfm_1024_sift_global_res2048_patch200_stage2/
stage2,D1,dataset1,splat_dataset1_sfm_1024_sift_global_res2048_patch400_stage2,s3://3dreefs-ben-eu-north1/experiments/ablations/stage2_resolution_fullres_eval/runs/splat_dataset1_sfm_1024_sift_global_res2048_patch400_stage2/ablation_eval/results_splat.csv,s3://3dreefs-ben-eu-north1/experiments/ablations/stage2_resolution_fullres_eval/runs/splat_dataset1_sfm_1024_sift_global_res2048_patch400_stage2/,30,30,0,25614.693,10951,15091,2026-07-12T05:42:20.401697+00:00,2026-07-12T16:45:33.295519+00:00,stage-2-metadata-20260724.tar.zst,runs/splat_dataset1_sfm_1024_sift_global_res2048_patch400_stage2/
stage2,D1,dataset1,splat_dataset1_sfm_1024_sift_global_res2048_patch800_stage2,s3://3dreefs-ben-eu-north1/experiments/ablations/stage2_resolution_fullres_eval/runs/splat_dataset1_sfm_1024_sift_global_res2048_patch800_stage2/ablation_eval/results_splat.csv,s3://3dreefs-ben-eu-north1/experiments/ablations/stage2_resolution_fullres_eval/runs/splat_dataset1_sfm_1024_sift_global_res2048_patch800_stage2/,30,30,0,30784.248,12954,15513,2026-07-12T05:53:35.984415+00:00,2026-07-12T21:51:53.172770+00:00,stage-2-metadata-20260724.tar.zst,runs/splat_dataset1_sfm_1024_sift_global_res2048_patch800_stage2/
stage2,D1,dataset1,splat_dataset1_sfm_1024_sift_global_resfull_patch200_stage2,s3://3dreefs-ben-eu-north1/experiments/ablations/stage2_resolution_fullres_eval/runs/splat_dataset1_sfm_1024_sift_global_resfull_patch200_stage2/ablation_eval/results_splat.csv,s3://3dreefs-ben-eu-north1/experiments/ablations/stage2_resolution_fullres_eval/runs/splat_dataset1_sfm_1024_sift_global_resfull_patch200_stage2/,30,30,0,98507.443,11311,14931,2026-07-12T07:15:37.761140+00:00,2026-07-13T12:20:30.842847+00:00,stage-2-metadata-20260724.tar.zst,runs/splat_dataset1_sfm_1024_sift_global_resfull_patch200_stage2/
stage2,D1,dataset1,splat_dataset1_sfm_1024_sift_global_resfull_patch400_stage2,s3://3dreefs-ben-eu-north1/experiments/ablations/stage2_resolution_fullres_eval/runs/splat_dataset1_sfm_1024_sift_global_resfull_patch400_stage2/ablation_eval/results_splat.csv,s3://3dreefs-ben-eu-north1/experiments/ablations/stage2_resolution_fullres_eval/runs/splat_dataset1_sfm_1024_sift_global_resfull_patch400_stage2/,30,30,0,99569.284,14768,15329,2026-07-12T07:37:46.596219+00:00,2026-07-13T14:49:01.621635+00:00,stage-2-metadata-20260724.tar.zst,runs/splat_dataset1_sfm_1024_sift_global_resfull_patch400_stage2/
stage2,D1,dataset1,splat_dataset1_sfm_1024_sift_global_resfull_patch800_stage2,s3://3dreefs-ben-eu-north1/experiments/ablations/stage2_resolution_fullres_eval/runs/splat_dataset1_sfm_1024_sift_global_resfull_patch800_stage2/ablation_eval/results_splat.csv,s3://3dreefs-ben-eu-north1/experiments/ablations/stage2_resolution_fullres_eval/runs/splat_dataset1_sfm_1024_sift_global_resfull_patch800_stage2/,30,30,0,106954.317,15621,17257,2026-07-12T08:11:57.917663+00:00,2026-07-13T20:34:55.854393+00:00,stage-2-metadata-20260724.tar.zst,runs/splat_dataset1_sfm_1024_sift_global_resfull_patch800_stage2/
stage2,D2,dataset2,splat_dataset2_sfm_1024_sift_global_res1024_patch200_stage2,s3://3dreefs-ben-eu-north1/experiments/ablations/stage2_resolution_fullres_eval/runs/splat_dataset2_sfm_1024_sift_global_res1024_patch200_stage2/ablation_eval/results_splat.csv,s3://3dreefs-ben-eu-north1/experiments/ablations/stage2_resolution_fullres_eval/runs/splat_dataset2_sfm_1024_sift_global_res1024_patch200_stage2/,30,30,0,12303.766,9348,12661,2026-07-11T22:54:54.935941+00:00,2026-07-12T04:32:06.749246+00:00,stage-2-metadata-20260724.tar.zst,runs/splat_dataset2_sfm_1024_sift_global_res1024_patch200_stage2/
stage2,D2,dataset2,splat_dataset2_sfm_1024_sift_global_res1024_patch400_stage2,s3://3dreefs-ben-eu-north1/experiments/ablations/stage2_resolution_fullres_eval/runs/splat_dataset2_sfm_1024_sift_global_res1024_patch400_stage2/ablation_eval/results_splat.csv,s3://3dreefs-ben-eu-north1/experiments/ablations/stage2_resolution_fullres_eval/runs/splat_dataset2_sfm_1024_sift_global_res1024_patch400_stage2/,10,10,0,3861.618,9038,11263,2026-07-11T10:56:12.911323+00:00,2026-07-11T12:59:50.800727+00:00,stage-2-metadata-20260724.tar.zst,runs/splat_dataset2_sfm_1024_sift_global_res1024_patch400_stage2/
stage2,D2,dataset2,splat_dataset2_sfm_1024_sift_global_res1024_patch400_stage2_remaining,s3://3dreefs-ben-eu-north1/experiments/ablations/stage2_resolution_fullres_eval/runs/splat_dataset2_sfm_1024_sift_global_res1024_patch400_stage2_remaining/ablation_eval/results_splat.csv,s3://3dreefs-ben-eu-north1/experiments/ablations/stage2_resolution_fullres_eval/runs/splat_dataset2_sfm_1024_sift_global_res1024_patch400_stage2_remaining/,20,20,0,10643.900,9657,14413,2026-07-11T23:00:08.254957+00:00,2026-07-12T04:30:18.583774+00:00,stage-2-metadata-20260724.tar.zst,runs/splat_dataset2_sfm_1024_sift_global_res1024_patch400_stage2_remaining/
stage2,D2,dataset2,splat_dataset2_sfm_1024_sift_global_res1024_patch800_stage2,s3://3dreefs-ben-eu-north1/experiments/ablations/stage2_resolution_fullres_eval/runs/splat_dataset2_sfm_1024_sift_global_res1024_patch800_stage2/ablation_eval/results_splat.csv,s3://3dreefs-ben-eu-north1/experiments/ablations/stage2_resolution_fullres_eval/runs/splat_dataset2_sfm_1024_sift_global_res1024_patch800_stage2/,30,30,0,18208.163,10652,14693,2026-07-11T23:05:27.553712+00:00,2026-07-12T11:03:08.146340+00:00,stage-2-metadata-20260724.tar.zst,runs/splat_dataset2_sfm_1024_sift_global_res1024_patch800_stage2/
stage2,D2,dataset2,splat_dataset2_sfm_1024_sift_global_res2048_patch200_stage2,s3://3dreefs-ben-eu-north1/experiments/ablations/stage2_resolution_fullres_eval/runs/splat_dataset2_sfm_1024_sift_global_res2048_patch200_stage2/ablation_eval/results_splat.csv,s3://3dreefs-ben-eu-north1/experiments/ablations/stage2_resolution_fullres_eval/runs/splat_dataset2_sfm_1024_sift_global_res2048_patch200_stage2/,30,30,0,21604.183,9319,13389,2026-07-11T23:08:44.320299+00:00,2026-07-12T07:12:37.888246+00:00,stage-2-metadata-20260724.tar.zst,runs/splat_dataset2_sfm_1024_sift_global_res2048_patch200_stage2/
stage2,D2,dataset2,splat_dataset2_sfm_1024_sift_global_res2048_patch400_stage2,s3://3dreefs-ben-eu-north1/experiments/ablations/stage2_resolution_fullres_eval/runs/splat_dataset2_sfm_1024_sift_global_res2048_patch400_stage2/ablation_eval/results_splat.csv,s3://3dreefs-ben-eu-north1/experiments/ablations/stage2_resolution_fullres_eval/runs/splat_dataset2_sfm_1024_sift_global_res2048_patch400_stage2/,10,10,0,6349.297,10027,11687,2026-07-11T14:13:02.793543+00:00,2026-07-11T16:52:22.445405+00:00,stage-2-metadata-20260724.tar.zst,runs/splat_dataset2_sfm_1024_sift_global_res2048_patch400_stage2/
stage2,D2,dataset2,splat_dataset2_sfm_1024_sift_global_res2048_patch400_stage2_remaining,s3://3dreefs-ben-eu-north1/experiments/ablations/stage2_resolution_fullres_eval/runs/splat_dataset2_sfm_1024_sift_global_res2048_patch400_stage2_remaining/ablation_eval/results_splat.csv,s3://3dreefs-ben-eu-north1/experiments/ablations/stage2_resolution_fullres_eval/runs/splat_dataset2_sfm_1024_sift_global_res2048_patch400_stage2_remaining/,20,20,0,16869.967,10169,13489,2026-07-11T23:04:24.051092+00:00,2026-07-12T06:04:18.839356+00:00,stage-2-metadata-20260724.tar.zst,runs/splat_dataset2_sfm_1024_sift_global_res2048_patch400_stage2_remaining/
stage2,D2,dataset2,splat_dataset2_sfm_1024_sift_global_res2048_patch800_stage2,s3://3dreefs-ben-eu-north1/experiments/ablations/stage2_resolution_fullres_eval/runs/splat_dataset2_sfm_1024_sift_global_res2048_patch800_stage2/ablation_eval/results_splat.csv,s3://3dreefs-ben-eu-north1/experiments/ablations/stage2_resolution_fullres_eval/runs/splat_dataset2_sfm_1024_sift_global_res2048_patch800_stage2/,30,30,0,27012.031,12522,13759,2026-07-11T23:20:23.495503+00:00,2026-07-12T13:33:29.303690+00:00,stage-2-metadata-20260724.tar.zst,runs/splat_dataset2_sfm_1024_sift_global_res2048_patch800_stage2/
stage2,D2,dataset2,splat_dataset2_sfm_1024_sift_global_resfull_patch200_stage2,s3://3dreefs-ben-eu-north1/experiments/ablations/stage2_resolution_fullres_eval/runs/splat_dataset2_sfm_1024_sift_global_resfull_patch200_stage2/ablation_eval/results_splat.csv,s3://3dreefs-ben-eu-north1/experiments/ablations/stage2_resolution_fullres_eval/runs/splat_dataset2_sfm_1024_sift_global_resfull_patch200_stage2/,30,30,0,84829.687,10380,14651,2026-07-11T23:32:41.589038+00:00,2026-07-13T00:39:58.965147+00:00,stage-2-metadata-20260724.tar.zst,runs/splat_dataset2_sfm_1024_sift_global_resfull_patch200_stage2/
stage2,D2,dataset2,splat_dataset2_sfm_1024_sift_global_resfull_patch400_stage2,s3://3dreefs-ben-eu-north1/experiments/ablations/stage2_resolution_fullres_eval/runs/splat_dataset2_sfm_1024_sift_global_resfull_patch400_stage2/ablation_eval/results_splat.csv,s3://3dreefs-ben-eu-north1/experiments/ablations/stage2_resolution_fullres_eval/runs/splat_dataset2_sfm_1024_sift_global_resfull_patch400_stage2/,10,10,0,23298.942,13857,15005,2026-07-11T14:42:47.365466+00:00,2026-07-11T21:29:37.532308+00:00,stage-2-metadata-20260724.tar.zst,runs/splat_dataset2_sfm_1024_sift_global_resfull_patch400_stage2/
stage2,D2,dataset2,splat_dataset2_sfm_1024_sift_global_resfull_patch400_stage2_remaining,s3://3dreefs-ben-eu-north1/experiments/ablations/stage2_resolution_fullres_eval/runs/splat_dataset2_sfm_1024_sift_global_resfull_patch400_stage2_remaining/ablation_eval/results_splat.csv,s3://3dreefs-ben-eu-north1/experiments/ablations/stage2_resolution_fullres_eval/runs/splat_dataset2_sfm_1024_sift_global_resfull_patch400_stage2_remaining/,20,20,0,60215.474,14531,15783,2026-07-11T23:42:14.690791+00:00,2026-07-12T18:10:19.042889+00:00,stage-2-metadata-20260724.tar.zst,runs/splat_dataset2_sfm_1024_sift_global_resfull_patch400_stage2_remaining/
stage2,D2,dataset2,splat_dataset2_sfm_1024_sift_global_resfull_patch800_stage2,s3://3dreefs-ben-eu-north1/experiments/ablations/stage2_resolution_fullres_eval/runs/splat_dataset2_sfm_1024_sift_global_resfull_patch800_stage2/ablation_eval/results_splat.csv,s3://3dreefs-ben-eu-north1/experiments/ablations/stage2_resolution_fullres_eval/runs/splat_dataset2_sfm_1024_sift_global_resfull_patch800_stage2/,30,30,0,90731.284,15492,14923,2026-07-11T23:38:15.357900+00:00,2026-07-13T07:11:59.272952+00:00,stage-2-metadata-20260724.tar.zst,runs/splat_dataset2_sfm_1024_sift_global_resfull_patch800_stage2/
stage2,D3,dataset3,splat_dataset3_sfm_1024_sift_global_res1024_patch200_stage2_retry1,s3://3dreefs-ben-eu-north1/experiments/ablations/stage2_resolution_fullres_eval/runs/splat_dataset3_sfm_1024_sift_global_res1024_patch200_stage2_retry1/ablation_eval/results_splat.csv,s3://3dreefs-ben-eu-north1/experiments/ablations/stage2_resolution_fullres_eval/runs/splat_dataset3_sfm_1024_sift_global_res1024_patch200_stage2_retry1/,30,30,0,9584.457,7922,9243,2026-07-11T22:55:10.886279+00:00,2026-07-12T02:14:13.532673+00:00,stage-2-metadata-20260724.tar.zst,runs/splat_dataset3_sfm_1024_sift_global_res1024_patch200_stage2_retry1/
stage2,D3,dataset3,splat_dataset3_sfm_1024_sift_global_res1024_patch400_stage2,s3://3dreefs-ben-eu-north1/experiments/ablations/stage2_resolution_fullres_eval/runs/splat_dataset3_sfm_1024_sift_global_res1024_patch400_stage2/ablation_eval/results_splat.csv,s3://3dreefs-ben-eu-north1/experiments/ablations/stage2_resolution_fullres_eval/runs/splat_dataset3_sfm_1024_sift_global_res1024_patch400_stage2/,30,30,0,11173.568,9510,9385,2026-07-11T22:41:04.283900+00:00,2026-07-12T03:54:19.600690+00:00,stage-2-metadata-20260724.tar.zst,runs/splat_dataset3_sfm_1024_sift_global_res1024_patch400_stage2/
stage2,D3,dataset3,splat_dataset3_sfm_1024_sift_global_res1024_patch800_stage2,s3://3dreefs-ben-eu-north1/experiments/ablations/stage2_resolution_fullres_eval/runs/splat_dataset3_sfm_1024_sift_global_res1024_patch800_stage2/ablation_eval/results_splat.csv,s3://3dreefs-ben-eu-north1/experiments/ablations/stage2_resolution_fullres_eval/runs/splat_dataset3_sfm_1024_sift_global_res1024_patch800_stage2/,12,12,0,5239.141,10646,9569,2026-07-11T22:45:17.753405+00:00,2026-07-12T01:54:53.819174+00:00,stage-2-metadata-20260724.tar.zst,runs/splat_dataset3_sfm_1024_sift_global_res1024_patch800_stage2/
stage2,D3,dataset3,splat_dataset3_sfm_1024_sift_global_res2048_patch200_stage2_retry1,s3://3dreefs-ben-eu-north1/experiments/ablations/stage2_resolution_fullres_eval/runs/splat_dataset3_sfm_1024_sift_global_res2048_patch200_stage2_retry1/ablation_eval/results_splat.csv,s3://3dreefs-ben-eu-north1/experiments/ablations/stage2_resolution_fullres_eval/runs/splat_dataset3_sfm_1024_sift_global_res2048_patch200_stage2_retry1/,30,30,0,18238.136,8430,9669,2026-07-11T22:59:43.114052+00:00,2026-07-12T04:39:33.858361+00:00,stage-2-metadata-20260724.tar.zst,runs/splat_dataset3_sfm_1024_sift_global_res2048_patch200_stage2_retry1/
stage2,D3,dataset3,splat_dataset3_sfm_1024_sift_global_res2048_patch400_stage2,s3://3dreefs-ben-eu-north1/experiments/ablations/stage2_resolution_fullres_eval/runs/splat_dataset3_sfm_1024_sift_global_res2048_patch400_stage2/ablation_eval/results_splat.csv,s3://3dreefs-ben-eu-north1/experiments/ablations/stage2_resolution_fullres_eval/runs/splat_dataset3_sfm_1024_sift_global_res2048_patch400_stage2/,30,30,0,20196.482,9632,9879,2026-07-11T22:46:11.535129+00:00,2026-07-12T06:28:43.141704+00:00,stage-2-metadata-20260724.tar.zst,runs/splat_dataset3_sfm_1024_sift_global_res2048_patch400_stage2/
stage2,D3,dataset3,splat_dataset3_sfm_1024_sift_global_res2048_patch800_stage2,s3://3dreefs-ben-eu-north1/experiments/ablations/stage2_resolution_fullres_eval/runs/splat_dataset3_sfm_1024_sift_global_res2048_patch800_stage2/ablation_eval/results_splat.csv,s3://3dreefs-ben-eu-north1/experiments/ablations/stage2_resolution_fullres_eval/runs/splat_dataset3_sfm_1024_sift_global_res2048_patch800_stage2/,12,12,0,9297.604,11043,9979,2026-07-11T22:50:03.793368+00:00,2026-07-12T02:59:49.587139+00:00,stage-2-metadata-20260724.tar.zst,runs/splat_dataset3_sfm_1024_sift_global_res2048_patch800_stage2/
stage2,D3,dataset3,splat_dataset3_sfm_1024_sift_global_resfull_patch200_stage2_retry1,s3://3dreefs-ben-eu-north1/experiments/ablations/stage2_resolution_fullres_eval/runs/splat_dataset3_sfm_1024_sift_global_resfull_patch200_stage2_retry1/ablation_eval/results_splat.csv,s3://3dreefs-ben-eu-north1/experiments/ablations/stage2_resolution_fullres_eval/runs/splat_dataset3_sfm_1024_sift_global_resfull_patch200_stage2_retry1/,30,30,0,77149.168,10262,25949,2026-07-11T23:29:00.267711+00:00,2026-07-12T21:00:44.094623+00:00,stage-2-metadata-20260724.tar.zst,runs/splat_dataset3_sfm_1024_sift_global_resfull_patch200_stage2_retry1/
stage2,D3,dataset3,splat_dataset3_sfm_1024_sift_global_resfull_patch400_stage2,s3://3dreefs-ben-eu-north1/experiments/ablations/stage2_resolution_fullres_eval/runs/splat_dataset3_sfm_1024_sift_global_resfull_patch400_stage2/ablation_eval/results_splat.csv,s3://3dreefs-ben-eu-north1/experiments/ablations/stage2_resolution_fullres_eval/runs/splat_dataset3_sfm_1024_sift_global_resfull_patch400_stage2/,30,29,1,83611.459,14025,26197,2026-07-11T23:16:56.645533+00:00,2026-07-12T23:53:34.689628+00:00,stage-2-metadata-20260724.tar.zst,runs/splat_dataset3_sfm_1024_sift_global_resfull_patch400_stage2/
stage2,D3,dataset3,splat_dataset3_sfm_1024_sift_global_resfull_patch800_stage2,s3://3dreefs-ben-eu-north1/experiments/ablations/stage2_resolution_fullres_eval/runs/splat_dataset3_sfm_1024_sift_global_resfull_patch800_stage2/ablation_eval/results_splat.csv,s3://3dreefs-ben-eu-north1/experiments/ablations/stage2_resolution_fullres_eval/runs/splat_dataset3_sfm_1024_sift_global_resfull_patch800_stage2/,12,8,4,30769.340,13221,26495,2026-07-11T23:33:28.466065+00:00,2026-07-12T08:34:36.244535+00:00,stage-2-metadata-20260724.tar.zst,runs/splat_dataset3_sfm_1024_sift_global_resfull_patch800_stage2/
stage2,D4,dataset4,splat_dataset4_sfm_1024_sift_global_res1024_patch200_stage2,s3://3dreefs-ben-eu-north1/experiments/ablations/stage2_resolution_fullres_eval/runs/splat_dataset4_sfm_1024_sift_global_res1024_patch200_stage2/ablation_eval/results_splat.csv,s3://3dreefs-ben-eu-north1/experiments/ablations/stage2_resolution_fullres_eval/runs/splat_dataset4_sfm_1024_sift_global_res1024_patch200_stage2/,30,30,0,12779.995,9339,14383,2026-07-12T01:11:02.361432+00:00,2026-07-12T06:46:32.642907+00:00,stage-2-metadata-20260724.tar.zst,runs/splat_dataset4_sfm_1024_sift_global_res1024_patch200_stage2/
stage2,D4,dataset4,splat_dataset4_sfm_1024_sift_global_res1024_patch400_stage2,s3://3dreefs-ben-eu-north1/experiments/ablations/stage2_resolution_fullres_eval/runs/splat_dataset4_sfm_1024_sift_global_res1024_patch400_stage2/ablation_eval/results_splat.csv,s3://3dreefs-ben-eu-north1/experiments/ablations/stage2_resolution_fullres_eval/runs/splat_dataset4_sfm_1024_sift_global_res1024_patch400_stage2/,30,30,0,14776.234,9745,14029,2026-07-12T01:13:23.904570+00:00,2026-07-12T09:01:50.762677+00:00,stage-2-metadata-20260724.tar.zst,runs/splat_dataset4_sfm_1024_sift_global_res1024_patch400_stage2/
stage2,D4,dataset4,splat_dataset4_sfm_1024_sift_global_res1024_patch800_stage2,s3://3dreefs-ben-eu-north1/experiments/ablations/stage2_resolution_fullres_eval/runs/splat_dataset4_sfm_1024_sift_global_res1024_patch800_stage2/ablation_eval/results_splat.csv,s3://3dreefs-ben-eu-north1/experiments/ablations/stage2_resolution_fullres_eval/runs/splat_dataset4_sfm_1024_sift_global_res1024_patch800_stage2/,30,30,0,18925.280,10993,15173,2026-07-12T01:24:07.686064+00:00,2026-07-12T13:35:44.348712+00:00,stage-2-metadata-20260724.tar.zst,runs/splat_dataset4_sfm_1024_sift_global_res1024_patch800_stage2/
stage2,D4,dataset4,splat_dataset4_sfm_1024_sift_global_res2048_patch200_stage2,s3://3dreefs-ben-eu-north1/experiments/ablations/stage2_resolution_fullres_eval/runs/splat_dataset4_sfm_1024_sift_global_res2048_patch200_stage2/ablation_eval/results_splat.csv,s3://3dreefs-ben-eu-north1/experiments/ablations/stage2_resolution_fullres_eval/runs/splat_dataset4_sfm_1024_sift_global_res2048_patch200_stage2/,30,30,0,23504.702,9332,15423,2026-07-12T01:16:50.467552+00:00,2026-07-12T09:45:34.230855+00:00,stage-2-metadata-20260724.tar.zst,runs/splat_dataset4_sfm_1024_sift_global_res2048_patch200_stage2/
stage2,D4,dataset4,splat_dataset4_sfm_1024_sift_global_res2048_patch400_stage2,s3://3dreefs-ben-eu-north1/experiments/ablations/stage2_resolution_fullres_eval/runs/splat_dataset4_sfm_1024_sift_global_res2048_patch400_stage2/ablation_eval/results_splat.csv,s3://3dreefs-ben-eu-north1/experiments/ablations/stage2_resolution_fullres_eval/runs/splat_dataset4_sfm_1024_sift_global_res2048_patch400_stage2/,30,30,0,25402.031,10658,14433,2026-07-12T02:58:45.675202+00:00,2026-07-12T13:32:28.223225+00:00,stage-2-metadata-20260724.tar.zst,runs/splat_dataset4_sfm_1024_sift_global_res2048_patch400_stage2/
stage2,D4,dataset4,splat_dataset4_sfm_1024_sift_global_res2048_patch800_stage2,s3://3dreefs-ben-eu-north1/experiments/ablations/stage2_resolution_fullres_eval/runs/splat_dataset4_sfm_1024_sift_global_res2048_patch800_stage2/ablation_eval/results_splat.csv,s3://3dreefs-ben-eu-north1/experiments/ablations/stage2_resolution_fullres_eval/runs/splat_dataset4_sfm_1024_sift_global_res2048_patch800_stage2/,30,30,0,29051.529,12890,15597,2026-07-12T03:21:39.428072+00:00,2026-07-12T18:03:09.009527+00:00,stage-2-metadata-20260724.tar.zst,runs/splat_dataset4_sfm_1024_sift_global_res2048_patch800_stage2/
stage2,D4,dataset4,splat_dataset4_sfm_1024_sift_global_resfull_patch200_stage2,s3://3dreefs-ben-eu-north1/experiments/ablations/stage2_resolution_fullres_eval/runs/splat_dataset4_sfm_1024_sift_global_resfull_patch200_stage2/ablation_eval/results_splat.csv,s3://3dreefs-ben-eu-north1/experiments/ablations/stage2_resolution_fullres_eval/runs/splat_dataset4_sfm_1024_sift_global_resfull_patch200_stage2/,30,30,0,93913.830,11699,17047,2026-07-12T04:06:24.479676+00:00,2026-07-13T07:37:33.667040+00:00,stage-2-metadata-20260724.tar.zst,runs/splat_dataset4_sfm_1024_sift_global_resfull_patch200_stage2/
stage2,D4,dataset4,splat_dataset4_sfm_1024_sift_global_resfull_patch400_stage2,s3://3dreefs-ben-eu-north1/experiments/ablations/stage2_resolution_fullres_eval/runs/splat_dataset4_sfm_1024_sift_global_resfull_patch400_stage2/ablation_eval/results_splat.csv,s3://3dreefs-ben-eu-north1/experiments/ablations/stage2_resolution_fullres_eval/runs/splat_dataset4_sfm_1024_sift_global_resfull_patch400_stage2/,30,30,0,97587.416,13961,17625,2026-07-12T04:30:41.329530+00:00,2026-07-13T10:43:18.175666+00:00,stage-2-metadata-20260724.tar.zst,runs/splat_dataset4_sfm_1024_sift_global_resfull_patch400_stage2/
stage2,D4,dataset4,splat_dataset4_sfm_1024_sift_global_resfull_patch800_stage2,s3://3dreefs-ben-eu-north1/experiments/ablations/stage2_resolution_fullres_eval/runs/splat_dataset4_sfm_1024_sift_global_resfull_patch800_stage2/ablation_eval/results_splat.csv,s3://3dreefs-ben-eu-north1/experiments/ablations/stage2_resolution_fullres_eval/runs/splat_dataset4_sfm_1024_sift_global_resfull_patch800_stage2/,30,29,1,98119.040,15161,27623,2026-07-12T04:49:05.114049+00:00,2026-07-13T14:01:07.967698+00:00,stage-2-metadata-20260724.tar.zst,runs/splat_dataset4_sfm_1024_sift_global_resfull_patch800_stage2/
stage2,D5,dataset5,splat_dataset5_sfm_1024_sift_global_res1024_patch200_stage2,s3://3dreefs-ben-eu-north1/experiments/ablations/stage2_resolution_fullres_eval/runs/splat_dataset5_sfm_1024_sift_global_res1024_patch200_stage2/ablation_eval/results_splat.csv,s3://3dreefs-ben-eu-north1/experiments/ablations/stage2_resolution_fullres_eval/runs/splat_dataset5_sfm_1024_sift_global_res1024_patch200_stage2/,30,30,0,10286.947,7652,5601,2026-07-11T22:52:04.937489+00:00,2026-07-12T02:47:11.725479+00:00,stage-2-metadata-20260724.tar.zst,runs/splat_dataset5_sfm_1024_sift_global_res1024_patch200_stage2/
stage2,D5,dataset5,splat_dataset5_sfm_1024_sift_global_res1024_patch400_stage2,s3://3dreefs-ben-eu-north1/experiments/ablations/stage2_resolution_fullres_eval/runs/splat_dataset5_sfm_1024_sift_global_res1024_patch400_stage2/ablation_eval/results_splat.csv,s3://3dreefs-ben-eu-north1/experiments/ablations/stage2_resolution_fullres_eval/runs/splat_dataset5_sfm_1024_sift_global_res1024_patch400_stage2/,30,30,0,10183.393,7954,5679,2026-07-11T22:50:24.104238+00:00,2026-07-12T03:08:40.877697+00:00,stage-2-metadata-20260724.tar.zst,runs/splat_dataset5_sfm_1024_sift_global_res1024_patch400_stage2/
stage2,D5,dataset5,splat_dataset5_sfm_1024_sift_global_res1024_patch800_stage2,s3://3dreefs-ben-eu-north1/experiments/ablations/stage2_resolution_fullres_eval/runs/splat_dataset5_sfm_1024_sift_global_res1024_patch800_stage2/ablation_eval/results_splat.csv,s3://3dreefs-ben-eu-north1/experiments/ablations/stage2_resolution_fullres_eval/runs/splat_dataset5_sfm_1024_sift_global_res1024_patch800_stage2/,30,30,0,11960.208,7073,5969,2026-07-11T22:51:48.298146+00:00,2026-07-12T04:32:36.517763+00:00,stage-2-metadata-20260724.tar.zst,runs/splat_dataset5_sfm_1024_sift_global_res1024_patch800_stage2/
stage2,D5,dataset5,splat_dataset5_sfm_1024_sift_global_res2048_patch200_stage2_xid_retry2,s3://3dreefs-ben-eu-north1/experiments/ablations/stage2_resolution_fullres_eval/runs/splat_dataset5_sfm_1024_sift_global_res2048_patch200_stage2_xid_retry2/ablation_eval/results_splat.csv,s3://3dreefs-ben-eu-north1/experiments/ablations/stage2_resolution_fullres_eval/runs/splat_dataset5_sfm_1024_sift_global_res2048_patch200_stage2_xid_retry2/,30,30,0,20040.818,6868,5999,2026-07-11T22:56:11.590101+00:00,2026-07-13T14:01:21.855321+00:00,stage-2-metadata-20260724.tar.zst,runs/splat_dataset5_sfm_1024_sift_global_res2048_patch200_stage2_xid_retry2/
stage2,D5,dataset5,splat_dataset5_sfm_1024_sift_global_res2048_patch400_stage2,s3://3dreefs-ben-eu-north1/experiments/ablations/stage2_resolution_fullres_eval/runs/splat_dataset5_sfm_1024_sift_global_res2048_patch400_stage2/ablation_eval/results_splat.csv,s3://3dreefs-ben-eu-north1/experiments/ablations/stage2_resolution_fullres_eval/runs/splat_dataset5_sfm_1024_sift_global_res2048_patch400_stage2/,30,30,0,19324.272,8629,6225,2026-07-11T22:54:47.741449+00:00,2026-07-12T05:40:08.735349+00:00,stage-2-metadata-20260724.tar.zst,runs/splat_dataset5_sfm_1024_sift_global_res2048_patch400_stage2/
stage2,D5,dataset5,splat_dataset5_sfm_1024_sift_global_res2048_patch800_stage2,s3://3dreefs-ben-eu-north1/experiments/ablations/stage2_resolution_fullres_eval/runs/splat_dataset5_sfm_1024_sift_global_res2048_patch800_stage2/ablation_eval/results_splat.csv,s3://3dreefs-ben-eu-north1/experiments/ablations/stage2_resolution_fullres_eval/runs/splat_dataset5_sfm_1024_sift_global_res2048_patch800_stage2/,29,29,0,21646.182,9649,14933,2026-07-11T22:57:22.268177+00:00,2026-07-13T11:44:17.966828+00:00,stage-2-metadata-20260724.tar.zst,runs/splat_dataset5_sfm_1024_sift_global_res2048_patch800_stage2/
stage2,D5,dataset5,splat_dataset5_sfm_1024_sift_global_res2048_patch800_stage2_xid_retry2,s3://3dreefs-ben-eu-north1/experiments/ablations/stage2_resolution_fullres_eval/runs/splat_dataset5_sfm_1024_sift_global_res2048_patch800_stage2_xid_retry2/ablation_eval/results_splat.csv,s3://3dreefs-ben-eu-north1/experiments/ablations/stage2_resolution_fullres_eval/runs/splat_dataset5_sfm_1024_sift_global_res2048_patch800_stage2_xid_retry2/,1,1,0,977.320,9407,3797,2026-07-13T14:38:54.797710+00:00,2026-07-13T14:38:54.797710+00:00,stage-2-metadata-20260724.tar.zst,runs/splat_dataset5_sfm_1024_sift_global_res2048_patch800_stage2_xid_retry2/
stage2,D5,dataset5,splat_dataset5_sfm_1024_sift_global_resfull_patch200_stage2,s3://3dreefs-ben-eu-north1/experiments/ablations/stage2_resolution_fullres_eval/runs/splat_dataset5_sfm_1024_sift_global_resfull_patch200_stage2/ablation_eval/results_splat.csv,s3://3dreefs-ben-eu-north1/experiments/ablations/stage2_resolution_fullres_eval/runs/splat_dataset5_sfm_1024_sift_global_resfull_patch200_stage2/,30,30,0,37601.423,8459,7119,2026-07-11T23:02:45.816533+00:00,2026-07-12T10:17:33.530131+00:00,stage-2-metadata-20260724.tar.zst,runs/splat_dataset5_sfm_1024_sift_global_resfull_patch200_stage2/
stage2,D5,dataset5,splat_dataset5_sfm_1024_sift_global_resfull_patch400_stage2,s3://3dreefs-ben-eu-north1/experiments/ablations/stage2_resolution_fullres_eval/runs/splat_dataset5_sfm_1024_sift_global_resfull_patch400_stage2/ablation_eval/results_splat.csv,s3://3dreefs-ben-eu-north1/experiments/ablations/stage2_resolution_fullres_eval/runs/splat_dataset5_sfm_1024_sift_global_resfull_patch400_stage2/,30,30,0,35870.673,9362,6691,2026-07-11T23:00:49.504249+00:00,2026-07-12T10:15:23.367441+00:00,stage-2-metadata-20260724.tar.zst,runs/splat_dataset5_sfm_1024_sift_global_resfull_patch400_stage2/
stage2,D5,dataset5,splat_dataset5_sfm_1024_sift_global_resfull_patch800_stage2,s3://3dreefs-ben-eu-north1/experiments/ablations/stage2_resolution_fullres_eval/runs/splat_dataset5_sfm_1024_sift_global_resfull_patch800_stage2/ablation_eval/results_splat.csv,s3://3dreefs-ben-eu-north1/experiments/ablations/stage2_resolution_fullres_eval/runs/splat_dataset5_sfm_1024_sift_global_resfull_patch800_stage2/,30,28,2,41774.994,11062,19887,2026-07-11T23:12:58.429659+00:00,2026-07-12T12:52:17.773024+00:00,stage-2-metadata-20260724.tar.zst,runs/splat_dataset5_sfm_1024_sift_global_resfull_patch800_stage2/
stage2,D6,dataset6,splat_dataset6_sfm_1024_sift_global_res1024_patch200_stage2,s3://3dreefs-ben-eu-north1/experiments/ablations/stage2_resolution_fullres_eval/runs/splat_dataset6_sfm_1024_sift_global_res1024_patch200_stage2/ablation_eval/results_splat.csv,s3://3dreefs-ben-eu-north1/experiments/ablations/stage2_resolution_fullres_eval/runs/splat_dataset6_sfm_1024_sift_global_res1024_patch200_stage2/,30,30,0,10350.999,6264,5807,2026-07-24T02:19:15.692279+00:00,2026-07-24T06:12:37.168757+00:00,stage-2-metadata-20260724.tar.zst,runs/splat_dataset6_sfm_1024_sift_global_res1024_patch200_stage2/
stage2,D6,dataset6,splat_dataset6_sfm_1024_sift_global_res1024_patch400_stage2,s3://3dreefs-ben-eu-north1/experiments/ablations/stage2_resolution_fullres_eval/runs/splat_dataset6_sfm_1024_sift_global_res1024_patch400_stage2/ablation_eval/results_splat.csv,s3://3dreefs-ben-eu-north1/experiments/ablations/stage2_resolution_fullres_eval/runs/splat_dataset6_sfm_1024_sift_global_res1024_patch400_stage2/,30,30,0,10958.739,7866,5917,2026-07-23T15:52:51.301831+00:00,2026-07-23T20:18:48.914833+00:00,stage-2-metadata-20260724.tar.zst,runs/splat_dataset6_sfm_1024_sift_global_res1024_patch400_stage2/
stage2,D6,dataset6,splat_dataset6_sfm_1024_sift_global_res1024_patch800_stage2,s3://3dreefs-ben-eu-north1/experiments/ablations/stage2_resolution_fullres_eval/runs/splat_dataset6_sfm_1024_sift_global_res1024_patch800_stage2/ablation_eval/results_splat.csv,s3://3dreefs-ben-eu-north1/experiments/ablations/stage2_resolution_fullres_eval/runs/splat_dataset6_sfm_1024_sift_global_res1024_patch800_stage2/,30,30,0,11763.789,8726,6173,2026-07-24T02:21:29.345281+00:00,2026-07-24T08:12:44.684453+00:00,stage-2-metadata-20260724.tar.zst,runs/splat_dataset6_sfm_1024_sift_global_res1024_patch800_stage2/
stage2,D6,dataset6,splat_dataset6_sfm_1024_sift_global_res2048_patch200_stage2,s3://3dreefs-ben-eu-north1/experiments/ablations/stage2_resolution_fullres_eval/runs/splat_dataset6_sfm_1024_sift_global_res2048_patch200_stage2/ablation_eval/results_splat.csv,s3://3dreefs-ben-eu-north1/experiments/ablations/stage2_resolution_fullres_eval/runs/splat_dataset6_sfm_1024_sift_global_res2048_patch200_stage2/,30,30,0,20185.136,5836,6081,2026-07-24T02:24:32.186071+00:00,2026-07-24T08:57:21.105328+00:00,stage-2-metadata-20260724.tar.zst,runs/splat_dataset6_sfm_1024_sift_global_res2048_patch200_stage2/
stage2,D6,dataset6,splat_dataset6_sfm_1024_sift_global_res2048_patch400_stage2,s3://3dreefs-ben-eu-north1/experiments/ablations/stage2_resolution_fullres_eval/runs/splat_dataset6_sfm_1024_sift_global_res2048_patch400_stage2/ablation_eval/results_splat.csv,s3://3dreefs-ben-eu-north1/experiments/ablations/stage2_resolution_fullres_eval/runs/splat_dataset6_sfm_1024_sift_global_res2048_patch400_stage2/,30,30,0,21564.850,7974,6173,2026-07-23T16:36:35.167285+00:00,2026-07-23T23:50:44.076154+00:00,stage-2-metadata-20260724.tar.zst,runs/splat_dataset6_sfm_1024_sift_global_res2048_patch400_stage2/
stage2,D6,dataset6,splat_dataset6_sfm_1024_sift_global_res2048_patch800_stage2,s3://3dreefs-ben-eu-north1/experiments/ablations/stage2_resolution_fullres_eval/runs/splat_dataset6_sfm_1024_sift_global_res2048_patch800_stage2/ablation_eval/results_splat.csv,s3://3dreefs-ben-eu-north1/experiments/ablations/stage2_resolution_fullres_eval/runs/splat_dataset6_sfm_1024_sift_global_res2048_patch800_stage2/,30,30,0,21732.105,9261,6411,2026-07-24T02:28:06.484584+00:00,2026-07-24T11:05:49.532066+00:00,stage-2-metadata-20260724.tar.zst,runs/splat_dataset6_sfm_1024_sift_global_res2048_patch800_stage2/
stage2,D6,dataset6,splat_dataset6_sfm_1024_sift_global_resfull_patch200_stage2,s3://3dreefs-ben-eu-north1/experiments/ablations/stage2_resolution_fullres_eval/runs/splat_dataset6_sfm_1024_sift_global_resfull_patch200_stage2/ablation_eval/results_splat.csv,s3://3dreefs-ben-eu-north1/experiments/ablations/stage2_resolution_fullres_eval/runs/splat_dataset6_sfm_1024_sift_global_resfull_patch200_stage2/,30,30,0,40138.142,8055,12837,2026-07-24T02:34:19.935381+00:00,2026-07-24T14:31:44.647193+00:00,stage-2-metadata-20260724.tar.zst,runs/splat_dataset6_sfm_1024_sift_global_resfull_patch200_stage2/
stage2,D6,dataset6,splat_dataset6_sfm_1024_sift_global_resfull_patch400_1m_initial_visual,s3://3dreefs-ben-eu-north1/experiments/ablations/stage2_resolution_fullres_eval/runs/splat_dataset6_sfm_1024_sift_global_resfull_patch400_1m_initial_visual/ablation_eval/results_splat.csv,s3://3dreefs-ben-eu-north1/experiments/ablations/stage2_resolution_fullres_eval/runs/splat_dataset6_sfm_1024_sift_global_resfull_patch400_1m_initial_visual/,10,10,0,14608.506,7911,8763,2026-07-14T05:38:24.197668+00:00,2026-07-14T09:33:17.980348+00:00,stage-2-metadata-20260724.tar.zst,runs/splat_dataset6_sfm_1024_sift_global_resfull_patch400_1m_initial_visual/
stage2,D6,dataset6,splat_dataset6_sfm_1024_sift_global_resfull_patch400_stage2,s3://3dreefs-ben-eu-north1/experiments/ablations/stage2_resolution_fullres_eval/runs/splat_dataset6_sfm_1024_sift_global_resfull_patch400_stage2/ablation_eval/results_splat.csv,s3://3dreefs-ben-eu-north1/experiments/ablations/stage2_resolution_fullres_eval/runs/splat_dataset6_sfm_1024_sift_global_resfull_patch400_stage2/,20,20,0,30027.750,8683,7937,2026-07-23T16:45:19.178051+00:00,2026-07-24T01:37:08.099520+00:00,stage-2-metadata-20260724.tar.zst,runs/splat_dataset6_sfm_1024_sift_global_resfull_patch400_stage2/
stage2,D6,dataset6,splat_dataset6_sfm_1024_sift_global_resfull_patch800_stage2,s3://3dreefs-ben-eu-north1/experiments/ablations/stage2_resolution_fullres_eval/runs/splat_dataset6_sfm_1024_sift_global_resfull_patch800_stage2/ablation_eval/results_splat.csv,s3://3dreefs-ben-eu-north1/experiments/ablations/stage2_resolution_fullres_eval/runs/splat_dataset6_sfm_1024_sift_global_resfull_patch800_stage2/,30,30,0,42692.680,11723,10453,2026-07-24T02:35:36.824088+00:00,2026-07-24T16:47:48.868175+00:00,stage-2-metadata-20260724.tar.zst,runs/splat_dataset6_sfm_1024_sift_global_resfull_patch800_stage2/
